INSERT INTO `empresa` (`idempresa`, `cif`, `ciudad`, `nombreempresa`, `nombreadmin`, `pais`, `provincia`, `telefono`) VALUES (1, 'B75632984', 'Mostoles', 'Pestinos S.A.', 'Marcelo Pellegrini', 'Espania ', 'Madrid', 635214789);

INSERT INTO `usuario` (`idusuario`, `apellidosusuario`, `contrasena`, `correousuario`, `direccion`, `empresausuario`, `esadmin`, `fechanacimiento`, `lugartrabajo`, `nombreusuario`, `telefono`, `idempresa`) VALUES (1, NULL, '5994471abb01112afcc18159f6cc74b4f511b99806da59b3caf5a9c173cacfc5', 'marcelo@pestino.com', 'Mostoles, Madrid, Espania .', 'Pestinos S.A.', b'1', '11-04-2023', 'Fuenlabrada', 'Marcelo Pellegrini', 91234567, 1);
INSERT INTO `usuario` (`idusuario`, `apellidosusuario`, `contrasena`, `correousuario`, `direccion`, `empresausuario`, `esadmin`, `fechanacimiento`, `lugartrabajo`, `nombreusuario`, `telefono`, `idempresa`) VALUES (2, 'Gonzalez Irujo', '5994471abb01112afcc18159f6cc74b4f511b99806da59b3caf5a9c173cacfc5', 'esteban@pestino.com', 'Calle Velazquez, Getafe', 'Pestinos S.A.', b'0', '09-05-1990', 'Madrid', 'Esteban', 915632487, 1);
INSERT INTO `usuario` (`idusuario`, `apellidosusuario`, `contrasena`, `correousuario`, `direccion`, `empresausuario`, `esadmin`, `fechanacimiento`, `lugartrabajo`, `nombreusuario`, `telefono`, `idempresa`) VALUES (3, 'Marquez Herrera', '5994471abb01112afcc18159f6cc74b4f511b99806da59b3caf5a9c173cacfc5', 'fitipaldi@pestino.com', 'Calle Velazquez, Getafe', 'Pestinos S.A.', b'0', '09-05-1990', 'Madrid', 'Fitipaldi', 915632487, 1);
INSERT INTO `usuario` (`idusuario`, `apellidosusuario`, `contrasena`, `correousuario`, `direccion`, `empresausuario`, `esadmin`, `fechanacimiento`, `lugartrabajo`, `nombreusuario`, `telefono`, `idempresa`) VALUES (4, 'Perez Calar', '5994471abb01112afcc18159f6cc74b4f511b99806da59b3caf5a9c173cacfc5', 'borja@pestino.com', 'Calle Velazquez, Getafe', 'Pestinos S.A.', b'0', '09-05-1990', 'Madrid', 'Borja', 915632487, 1);
INSERT INTO `usuario` (`idusuario`, `apellidosusuario`, `contrasena`, `correousuario`, `direccion`, `empresausuario`, `esadmin`, `fechanacimiento`, `lugartrabajo`, `nombreusuario`, `telefono`, `idempresa`) VALUES (5, 'Iglesias Sainz', '5994471abb01112afcc18159f6cc74b4f511b99806da59b3caf5a9c173cacfc5', 'pablo@pestino.com', 'Calle Velazquez, Getafe', 'Pestinos S.A.', b'0', '09-05-1990', 'Madrid', 'Pablo', 915632487, 1);
INSERT INTO `usuario` (`idusuario`, `apellidosusuario`, `contrasena`, `correousuario`, `direccion`, `empresausuario`, `esadmin`, `fechanacimiento`, `lugartrabajo`, `nombreusuario`, `telefono`, `idempresa`) VALUES (6, 'Estopa Martinez', '5994471abb01112afcc18159f6cc74b4f511b99806da59b3caf5a9c173cacfc5', 'felipe@pestino.com', 'Calle Velazquez, Getafe', 'Pestinos S.A.', b'0', '09-05-1990', 'Madrid', 'Felipe', 896532147, 1);
INSERT INTO `usuario` (`idusuario`, `apellidosusuario`, `contrasena`, `correousuario`, `direccion`, `empresausuario`, `esadmin`, `fechanacimiento`, `lugartrabajo`, `nombreusuario`, `telefono`, `idempresa`) VALUES (7, 'Tejero Lopez', '5994471abb01112afcc18159f6cc74b4f511b99806da59b3caf5a9c173cacfc5', 'fernando@pestino.com', 'Calle Pilluescas, Leganes', 'Pestinos S.A.', b'0', '03-06-1990', 'Madrid', 'Fernando', 848419849, 1);
INSERT INTO `usuario` (`idusuario`, `apellidosusuario`, `contrasena`, `correousuario`, `direccion`, `empresausuario`, `esadmin`, `fechanacimiento`, `lugartrabajo`, `nombreusuario`, `telefono`, `idempresa`) VALUES (8, 'Gonzalez Blanco', '5994471abb01112afcc18159f6cc74b4f511b99806da59b3caf5a9c173cacfc5', 'raul@pestino.com', 'Pozuelo, Madrid', 'Pestinos S.A.', b'0', '01-05-1983', 'Madrid', 'Raul', 58941161, 1);

INSERT INTO `horario` (`idhorario`, `centrotrabajo`, `correoempleado`, `empleado`, `fecha`, `fichaentrada`, `fichasalida`, `horaentrada`, `horasalida`, `idusuario`) VALUES(1, 'Madrid', 'esteban@pestino.com', 'Esteban Gonzalez Irujo', '2023-06-01', '09:00:00', '18:00:00', '09:00:00', '18:00:00', 2);
INSERT INTO `horario` (`idhorario`, `centrotrabajo`, `correoempleado`, `empleado`, `fecha`, `fichaentrada`, `fichasalida`, `horaentrada`, `horasalida`, `idusuario`) VALUES(2, 'Madrid', 'esteban@pestino.com', 'Esteban Gonzalez Irujo', '2023-06-02', '09:00:00', '18:00:00', '09:00:00', '18:00:00', 2);
INSERT INTO `horario` (`idhorario`, `centrotrabajo`, `correoempleado`, `empleado`, `fecha`, `fichaentrada`, `fichasalida`, `horaentrada`, `horasalida`, `idusuario`) VALUES(3, 'Madrid', 'esteban@pestino.com', 'Esteban Gonzalez Irujo', '2023-06-03', '09:00:00', '18:00:00', '09:00:00', '18:00:00', 2);
INSERT INTO `horario` (`idhorario`, `centrotrabajo`, `correoempleado`, `empleado`, `fecha`, `fichaentrada`, `fichasalida`, `horaentrada`, `horasalida`, `idusuario`) VALUES(4, 'Madrid', 'esteban@pestino.com', 'Esteban Gonzalez Irujo', '2023-06-04', '09:00:00', '18:00:00', '09:00:00', '18:00:00', 2);
INSERT INTO `horario` (`idhorario`, `centrotrabajo`, `correoempleado`, `empleado`, `fecha`, `fichaentrada`, `fichasalida`, `horaentrada`, `horasalida`, `idusuario`) VALUES(5, 'Madrid', 'esteban@pestino.com', 'Esteban Gonzalez Irujo', '2023-06-05', '09:00:00', '18:00:00', '09:00:00', '18:00:00', 2);
INSERT INTO `horario` (`idhorario`, `centrotrabajo`, `correoempleado`, `empleado`, `fecha`, `fichaentrada`, `fichasalida`, `horaentrada`, `horasalida`, `idusuario`) VALUES(6, 'Madrid', 'esteban@pestino.com', 'Esteban Gonzalez Irujo', '2023-06-06', '09:00:00', '18:00:00', '09:00:00', '18:00:00', 2);
INSERT INTO `horario` (`idhorario`, `centrotrabajo`, `correoempleado`, `empleado`, `fecha`, `fichaentrada`, `fichasalida`, `horaentrada`, `horasalida`, `idusuario`) VALUES(7, 'Madrid', 'esteban@pestino.com', 'Esteban Gonzalez Irujo', '2023-06-07', '09:00:00', '18:00:00', '09:00:00', '18:00:00', 2);
INSERT INTO `horario` (`idhorario`, `centrotrabajo`, `correoempleado`, `empleado`, `fecha`, `fichaentrada`, `fichasalida`, `horaentrada`, `horasalida`, `idusuario`) VALUES(8, 'Madrid', 'esteban@pestino.com', 'Esteban Gonzalez Irujo', '2023-06-08', '09:00:00', '18:00:00', '09:00:00', '18:00:00', 2);
INSERT INTO `horario` (`idhorario`, `centrotrabajo`, `correoempleado`, `empleado`, `fecha`, `fichaentrada`, `fichasalida`, `horaentrada`, `horasalida`, `idusuario`) VALUES(9, 'Madrid', 'esteban@pestino.com', 'Esteban Gonzalez Irujo', '2023-06-09', '09:00:00', '18:00:00', '09:00:00', '18:00:00', 2);
INSERT INTO `horario` (`idhorario`, `centrotrabajo`, `correoempleado`, `empleado`, `fecha`, `fichaentrada`, `fichasalida`, `horaentrada`, `horasalida`, `idusuario`) VALUES(10, 'Madrid', 'esteban@pestino.com', 'Esteban Gonzalez Irujo', '2023-06-10', '09:00:00', '18:00:00', '09:00:00', '18:00:00', 2);
INSERT INTO `horario` (`idhorario`, `centrotrabajo`, `correoempleado`, `empleado`, `fecha`, `fichaentrada`, `fichasalida`, `horaentrada`, `horasalida`, `idusuario`) VALUES(11, 'Madrid', 'esteban@pestino.com', 'Esteban Gonzalez Irujo', '2023-06-11', '09:00:00', '18:00:00', '09:00:00', '18:00:00', 2);
INSERT INTO `horario` (`idhorario`, `centrotrabajo`, `correoempleado`, `empleado`, `fecha`, `fichaentrada`, `fichasalida`, `horaentrada`, `horasalida`, `idusuario`) VALUES(12, 'Madrid', 'esteban@pestino.com', 'Esteban Gonzalez Irujo', '2023-06-12', '09:00:00', '18:00:00', '09:00:00', '18:00:00', 2);
INSERT INTO `horario` (`idhorario`, `centrotrabajo`, `correoempleado`, `empleado`, `fecha`, `fichaentrada`, `fichasalida`, `horaentrada`, `horasalida`, `idusuario`) VALUES(13, 'Madrid', 'esteban@pestino.com', 'Esteban Gonzalez Irujo', '2023-06-13', '09:00:00', '18:00:00', '09:00:00', '18:00:00', 2);
INSERT INTO `horario` (`idhorario`, `centrotrabajo`, `correoempleado`, `empleado`, `fecha`, `fichaentrada`, `fichasalida`, `horaentrada`, `horasalida`, `idusuario`) VALUES(14, 'Madrid', 'esteban@pestino.com', 'Esteban Gonzalez Irujo', '2023-06-14', '09:00:00', '18:00:00', '09:00:00', '18:00:00', 2);
INSERT INTO `horario` (`idhorario`, `centrotrabajo`, `correoempleado`, `empleado`, `fecha`, `fichaentrada`, `fichasalida`, `horaentrada`, `horasalida`, `idusuario`) VALUES(15, 'Madrid', 'esteban@pestino.com', 'Esteban Gonzalez Irujo', '2023-06-15', '09:00:00', '18:00:00', '09:00:00', '18:00:00', 2);
INSERT INTO `horario` (`idhorario`, `centrotrabajo`, `correoempleado`, `empleado`, `fecha`, `fichaentrada`, `fichasalida`, `horaentrada`, `horasalida`, `idusuario`) VALUES(16, 'Madrid', 'esteban@pestino.com', 'Esteban Gonzalez Irujo', '2023-06-16', '09:00:00', '18:00:00', '09:00:00', '18:00:00', 2);
INSERT INTO `horario` (`idhorario`, `centrotrabajo`, `correoempleado`, `empleado`, `fecha`, `fichaentrada`, `fichasalida`, `horaentrada`, `horasalida`, `idusuario`) VALUES(17, 'Madrid', 'esteban@pestino.com', 'Esteban Gonzalez Irujo', '2023-06-17', '09:00:00', '18:00:00', '09:00:00', '18:00:00', 2);
INSERT INTO `horario` (`idhorario`, `centrotrabajo`, `correoempleado`, `empleado`, `fecha`, `fichaentrada`, `fichasalida`, `horaentrada`, `horasalida`, `idusuario`) VALUES(18, 'Madrid', 'esteban@pestino.com', 'Esteban Gonzalez Irujo', '2023-06-18', '09:00:00', '18:00:00', '09:00:00', '18:00:00', 2);
INSERT INTO `horario` (`idhorario`, `centrotrabajo`, `correoempleado`, `empleado`, `fecha`, `fichaentrada`, `fichasalida`, `horaentrada`, `horasalida`, `idusuario`) VALUES(19, 'Madrid', 'esteban@pestino.com', 'Esteban Gonzalez Irujo', '2023-06-19', '09:00:00', '18:00:00', '09:00:00', '18:00:00', 2);
INSERT INTO `horario` (`idhorario`, `centrotrabajo`, `correoempleado`, `empleado`, `fecha`, `fichaentrada`, `fichasalida`, `horaentrada`, `horasalida`, `idusuario`) VALUES(20, 'Madrid', 'esteban@pestino.com', 'Esteban Gonzalez Irujo', '2023-06-20', '09:00:00', '18:00:00', '09:00:00', '18:00:00', 2);
INSERT INTO `horario` (`idhorario`, `centrotrabajo`, `correoempleado`, `empleado`, `fecha`, `fichaentrada`, `fichasalida`, `horaentrada`, `horasalida`, `idusuario`) VALUES(21, 'Madrid', 'esteban@pestino.com', 'Esteban Gonzalez Irujo', '2023-06-21', '09:00:00', '18:00:00', '09:00:00', '18:00:00', 2);
INSERT INTO `horario` (`idhorario`, `centrotrabajo`, `correoempleado`, `empleado`, `fecha`, `fichaentrada`, `fichasalida`, `horaentrada`, `horasalida`, `idusuario`) VALUES(22, 'Madrid', 'esteban@pestino.com', 'Esteban Gonzalez Irujo', '2023-06-22', '09:00:00', '18:00:00', '09:00:00', '18:00:00', 2);
INSERT INTO `horario` (`idhorario`, `centrotrabajo`, `correoempleado`, `empleado`, `fecha`, `fichaentrada`, `fichasalida`, `horaentrada`, `horasalida`, `idusuario`) VALUES(23, 'Madrid', 'esteban@pestino.com', 'Esteban Gonzalez Irujo', '2023-06-23', '09:00:00', '18:00:00', '09:00:00', '18:00:00', 2);
INSERT INTO `horario` (`idhorario`, `centrotrabajo`, `correoempleado`, `empleado`, `fecha`, `fichaentrada`, `fichasalida`, `horaentrada`, `horasalida`, `idusuario`) VALUES(24, 'Madrid', 'esteban@pestino.com', 'Esteban Gonzalez Irujo', '2023-06-24', '09:00:00', '18:00:00', '09:00:00', '18:00:00', 2);
INSERT INTO `horario` (`idhorario`, `centrotrabajo`, `correoempleado`, `empleado`, `fecha`, `fichaentrada`, `fichasalida`, `horaentrada`, `horasalida`, `idusuario`) VALUES(25, 'Madrid', 'esteban@pestino.com', 'Esteban Gonzalez Irujo', '2023-06-25', '09:00:00', '18:00:00', '09:00:00', '18:00:00', 2);
INSERT INTO `horario` (`idhorario`, `centrotrabajo`, `correoempleado`, `empleado`, `fecha`, `fichaentrada`, `fichasalida`, `horaentrada`, `horasalida`, `idusuario`) VALUES(26, 'Madrid', 'esteban@pestino.com', 'Esteban Gonzalez Irujo', '2023-06-26', '09:00:00', '18:00:00', '09:00:00', '18:00:00', 2);
INSERT INTO `horario` (`idhorario`, `centrotrabajo`, `correoempleado`, `empleado`, `fecha`, `fichaentrada`, `fichasalida`, `horaentrada`, `horasalida`, `idusuario`) VALUES(27, 'Madrid', 'esteban@pestino.com', 'Esteban Gonzalez Irujo', '2023-06-27', '09:00:00', '18:00:00', '09:00:00', '18:00:00', 2);
INSERT INTO `horario` (`idhorario`, `centrotrabajo`, `correoempleado`, `empleado`, `fecha`, `fichaentrada`, `fichasalida`, `horaentrada`, `horasalida`, `idusuario`) VALUES(28, 'Madrid', 'esteban@pestino.com', 'Esteban Gonzalez Irujo', '2023-06-28', '09:00:00', '18:00:00', '09:00:00', '18:00:00', 2);
INSERT INTO `horario` (`idhorario`, `centrotrabajo`, `correoempleado`, `empleado`, `fecha`, `fichaentrada`, `fichasalida`, `horaentrada`, `horasalida`, `idusuario`) VALUES(29, 'Madrid', 'esteban@pestino.com', 'Esteban Gonzalez Irujo', '2023-06-29', '09:00:00', '18:00:00', '09:00:00', '18:00:00', 2);
INSERT INTO `horario` (`idhorario`, `centrotrabajo`, `correoempleado`, `empleado`, `fecha`, `fichaentrada`, `fichasalida`, `horaentrada`, `horasalida`, `idusuario`) VALUES(30, 'Madrid', 'esteban@pestino.com', 'Esteban Gonzalez Irujo', '2023-06-30', '09:00:00', '18:00:00', '09:00:00', '18:00:00', 2);

INSERT INTO `horario` (`idhorario`, `centrotrabajo`, `correoempleado`, `empleado`, `fecha`, `fichaentrada`, `fichasalida`, `horaentrada`, `horasalida`, `idusuario`) VALUES(31, 'Madrid', 'fitipaldi@pestino.com', 'Fitipaldi Marquez Herrera', '2023-06-01', '09:00:00', '18:00:00', '09:00:00', '18:00:00', 3);
INSERT INTO `horario` (`idhorario`, `centrotrabajo`, `correoempleado`, `empleado`, `fecha`, `fichaentrada`, `fichasalida`, `horaentrada`, `horasalida`, `idusuario`) VALUES(32, 'Madrid', 'fitipaldi@pestino.com', 'Fitipaldi Marquez Herrera', '2023-06-02', '09:00:00', '18:00:00', '09:00:00', '18:00:00', 3);
INSERT INTO `horario` (`idhorario`, `centrotrabajo`, `correoempleado`, `empleado`, `fecha`, `fichaentrada`, `fichasalida`, `horaentrada`, `horasalida`, `idusuario`) VALUES(33, 'Madrid', 'fitipaldi@pestino.com', 'Fitipaldi Marquez Herrera', '2023-06-03', '09:00:00', '18:00:00', '09:00:00', '18:00:00', 3);
INSERT INTO `horario` (`idhorario`, `centrotrabajo`, `correoempleado`, `empleado`, `fecha`, `fichaentrada`, `fichasalida`, `horaentrada`, `horasalida`, `idusuario`) VALUES(34, 'Madrid', 'fitipaldi@pestino.com', 'Fitipaldi Marquez Herrera', '2023-06-04', '09:00:00', '18:00:00', '09:00:00', '18:00:00', 3);
INSERT INTO `horario` (`idhorario`, `centrotrabajo`, `correoempleado`, `empleado`, `fecha`, `fichaentrada`, `fichasalida`, `horaentrada`, `horasalida`, `idusuario`) VALUES(35, 'Madrid', 'fitipaldi@pestino.com', 'Fitipaldi Marquez Herrera', '2023-06-05', '09:00:00', '18:00:00', '09:00:00', '18:00:00', 3);
INSERT INTO `horario` (`idhorario`, `centrotrabajo`, `correoempleado`, `empleado`, `fecha`, `fichaentrada`, `fichasalida`, `horaentrada`, `horasalida`, `idusuario`) VALUES(36, 'Madrid', 'fitipaldi@pestino.com', 'Fitipaldi Marquez Herrera', '2023-06-06', '09:00:00', '18:00:00', '09:00:00', '18:00:00', 3);
INSERT INTO `horario` (`idhorario`, `centrotrabajo`, `correoempleado`, `empleado`, `fecha`, `fichaentrada`, `fichasalida`, `horaentrada`, `horasalida`, `idusuario`) VALUES(37, 'Madrid', 'fitipaldi@pestino.com', 'Fitipaldi Marquez Herrera', '2023-06-07', '09:00:00', '18:00:00', '09:00:00', '18:00:00', 3);
INSERT INTO `horario` (`idhorario`, `centrotrabajo`, `correoempleado`, `empleado`, `fecha`, `fichaentrada`, `fichasalida`, `horaentrada`, `horasalida`, `idusuario`) VALUES(38, 'Madrid', 'fitipaldi@pestino.com', 'Fitipaldi Marquez Herrera', '2023-06-08', '09:00:00', '18:00:00', '09:00:00', '18:00:00', 3);
INSERT INTO `horario` (`idhorario`, `centrotrabajo`, `correoempleado`, `empleado`, `fecha`, `fichaentrada`, `fichasalida`, `horaentrada`, `horasalida`, `idusuario`) VALUES(39, 'Madrid', 'fitipaldi@pestino.com', 'Fitipaldi Marquez Herrera', '2023-06-09', '09:00:00', '18:00:00', '09:00:00', '18:00:00', 3);
INSERT INTO `horario` (`idhorario`, `centrotrabajo`, `correoempleado`, `empleado`, `fecha`, `fichaentrada`, `fichasalida`, `horaentrada`, `horasalida`, `idusuario`) VALUES(40, 'Madrid', 'fitipaldi@pestino.com', 'Fitipaldi Marquez Herrera', '2023-06-10', '09:00:00', '18:00:00', '09:00:00', '18:00:00', 3);
INSERT INTO `horario` (`idhorario`, `centrotrabajo`, `correoempleado`, `empleado`, `fecha`, `fichaentrada`, `fichasalida`, `horaentrada`, `horasalida`, `idusuario`) VALUES(41, 'Madrid', 'fitipaldi@pestino.com', 'Fitipaldi Marquez Herrera', '2023-06-11', '09:00:00', '18:00:00', '09:00:00', '18:00:00', 3);
INSERT INTO `horario` (`idhorario`, `centrotrabajo`, `correoempleado`, `empleado`, `fecha`, `fichaentrada`, `fichasalida`, `horaentrada`, `horasalida`, `idusuario`) VALUES(42, 'Madrid', 'fitipaldi@pestino.com', 'Fitipaldi Marquez Herrera', '2023-06-12', '09:00:00', '18:00:00', '09:00:00', '18:00:00', 3);
INSERT INTO `horario` (`idhorario`, `centrotrabajo`, `correoempleado`, `empleado`, `fecha`, `fichaentrada`, `fichasalida`, `horaentrada`, `horasalida`, `idusuario`) VALUES(43, 'Madrid', 'fitipaldi@pestino.com', 'Fitipaldi Marquez Herrera', '2023-06-13', '09:00:00', '18:00:00', '09:00:00', '18:00:00', 3);
INSERT INTO `horario` (`idhorario`, `centrotrabajo`, `correoempleado`, `empleado`, `fecha`, `fichaentrada`, `fichasalida`, `horaentrada`, `horasalida`, `idusuario`) VALUES(44, 'Madrid', 'fitipaldi@pestino.com', 'Fitipaldi Marquez Herrera', '2023-06-14', '09:00:00', '18:00:00', '09:00:00', '18:00:00', 3);
INSERT INTO `horario` (`idhorario`, `centrotrabajo`, `correoempleado`, `empleado`, `fecha`, `fichaentrada`, `fichasalida`, `horaentrada`, `horasalida`, `idusuario`) VALUES(45, 'Madrid', 'fitipaldi@pestino.com', 'Fitipaldi Marquez Herrera', '2023-06-15', '09:00:00', '18:00:00', '09:00:00', '18:00:00', 3);
INSERT INTO `horario` (`idhorario`, `centrotrabajo`, `correoempleado`, `empleado`, `fecha`, `fichaentrada`, `fichasalida`, `horaentrada`, `horasalida`, `idusuario`) VALUES(46, 'Madrid', 'fitipaldi@pestino.com', 'Fitipaldi Marquez Herrera', '2023-06-16', '09:00:00', '18:00:00', '09:00:00', '18:00:00', 3);
INSERT INTO `horario` (`idhorario`, `centrotrabajo`, `correoempleado`, `empleado`, `fecha`, `fichaentrada`, `fichasalida`, `horaentrada`, `horasalida`, `idusuario`) VALUES(47, 'Madrid', 'fitipaldi@pestino.com', 'Fitipaldi Marquez Herrera', '2023-06-17', '09:00:00', '18:00:00', '09:00:00', '18:00:00', 3);
INSERT INTO `horario` (`idhorario`, `centrotrabajo`, `correoempleado`, `empleado`, `fecha`, `fichaentrada`, `fichasalida`, `horaentrada`, `horasalida`, `idusuario`) VALUES(48, 'Madrid', 'fitipaldi@pestino.com', 'Fitipaldi Marquez Herrera', '2023-06-18', '09:00:00', '18:00:00', '09:00:00', '18:00:00', 3);
INSERT INTO `horario` (`idhorario`, `centrotrabajo`, `correoempleado`, `empleado`, `fecha`, `fichaentrada`, `fichasalida`, `horaentrada`, `horasalida`, `idusuario`) VALUES(49, 'Madrid', 'fitipaldi@pestino.com', 'Fitipaldi Marquez Herrera', '2023-06-19', '09:00:00', '18:00:00', '09:00:00', '18:00:00', 3);
INSERT INTO `horario` (`idhorario`, `centrotrabajo`, `correoempleado`, `empleado`, `fecha`, `fichaentrada`, `fichasalida`, `horaentrada`, `horasalida`, `idusuario`) VALUES(50, 'Madrid', 'fitipaldi@pestino.com', 'Fitipaldi Marquez Herrera', '2023-06-20', '09:00:00', '18:00:00', '09:00:00', '18:00:00', 3);
INSERT INTO `horario` (`idhorario`, `centrotrabajo`, `correoempleado`, `empleado`, `fecha`, `fichaentrada`, `fichasalida`, `horaentrada`, `horasalida`, `idusuario`) VALUES(51, 'Madrid', 'fitipaldi@pestino.com', 'Fitipaldi Marquez Herrera', '2023-06-21', '09:00:00', '18:00:00', '09:00:00', '18:00:00', 3);
INSERT INTO `horario` (`idhorario`, `centrotrabajo`, `correoempleado`, `empleado`, `fecha`, `fichaentrada`, `fichasalida`, `horaentrada`, `horasalida`, `idusuario`) VALUES(52, 'Madrid', 'fitipaldi@pestino.com', 'Fitipaldi Marquez Herrera', '2023-06-22', '09:00:00', '18:00:00', '09:00:00', '18:00:00', 3);
INSERT INTO `horario` (`idhorario`, `centrotrabajo`, `correoempleado`, `empleado`, `fecha`, `fichaentrada`, `fichasalida`, `horaentrada`, `horasalida`, `idusuario`) VALUES(53, 'Madrid', 'fitipaldi@pestino.com', 'Fitipaldi Marquez Herrera', '2023-06-23', '09:00:00', '18:00:00', '09:00:00', '18:00:00', 3);
INSERT INTO `horario` (`idhorario`, `centrotrabajo`, `correoempleado`, `empleado`, `fecha`, `fichaentrada`, `fichasalida`, `horaentrada`, `horasalida`, `idusuario`) VALUES(54, 'Madrid', 'fitipaldi@pestino.com', 'Fitipaldi Marquez Herrera', '2023-06-24', '09:00:00', '18:00:00', '09:00:00', '18:00:00', 3);
INSERT INTO `horario` (`idhorario`, `centrotrabajo`, `correoempleado`, `empleado`, `fecha`, `fichaentrada`, `fichasalida`, `horaentrada`, `horasalida`, `idusuario`) VALUES(55, 'Madrid', 'fitipaldi@pestino.com', 'Fitipaldi Marquez Herrera', '2023-06-25', '09:00:00', '18:00:00', '09:00:00', '18:00:00', 3);
INSERT INTO `horario` (`idhorario`, `centrotrabajo`, `correoempleado`, `empleado`, `fecha`, `fichaentrada`, `fichasalida`, `horaentrada`, `horasalida`, `idusuario`) VALUES(56, 'Madrid', 'fitipaldi@pestino.com', 'Fitipaldi Marquez Herrera', '2023-06-26', '09:00:00', '18:00:00', '09:00:00', '18:00:00', 3);
INSERT INTO `horario` (`idhorario`, `centrotrabajo`, `correoempleado`, `empleado`, `fecha`, `fichaentrada`, `fichasalida`, `horaentrada`, `horasalida`, `idusuario`) VALUES(57, 'Madrid', 'fitipaldi@pestino.com', 'Fitipaldi Marquez Herrera', '2023-06-27', '09:00:00', '18:00:00', '09:00:00', '18:00:00', 3);
INSERT INTO `horario` (`idhorario`, `centrotrabajo`, `correoempleado`, `empleado`, `fecha`, `fichaentrada`, `fichasalida`, `horaentrada`, `horasalida`, `idusuario`) VALUES(58, 'Madrid', 'fitipaldi@pestino.com', 'Fitipaldi Marquez Herrera', '2023-06-28', '09:00:00', '18:00:00', '09:00:00', '18:00:00', 3);
INSERT INTO `horario` (`idhorario`, `centrotrabajo`, `correoempleado`, `empleado`, `fecha`, `fichaentrada`, `fichasalida`, `horaentrada`, `horasalida`, `idusuario`) VALUES(59, 'Madrid', 'fitipaldi@pestino.com', 'Fitipaldi Marquez Herrera', '2023-06-29', '09:00:00', '18:00:00', '09:00:00', '18:00:00', 3);
INSERT INTO `horario` (`idhorario`, `centrotrabajo`, `correoempleado`, `empleado`, `fecha`, `fichaentrada`, `fichasalida`, `horaentrada`, `horasalida`, `idusuario`) VALUES(60, 'Madrid', 'fitipaldi@pestino.com', 'Fitipaldi Marquez Herrera', '2023-06-30', '09:00:00', '18:00:00', '09:00:00', '18:00:00', 3);

INSERT INTO `horario` (`idhorario`, `centrotrabajo`, `correoempleado`, `empleado`, `fecha`, `fichaentrada`, `fichasalida`, `horaentrada`, `horasalida`, `idusuario`) VALUES(61, 'Madrid', 'borja@pestino.com', 'Borja Perez Calar', '2023-06-01', '09:00:00', '18:00:00', '09:00:00', '18:00:00', 4);
INSERT INTO `horario` (`idhorario`, `centrotrabajo`, `correoempleado`, `empleado`, `fecha`, `fichaentrada`, `fichasalida`, `horaentrada`, `horasalida`, `idusuario`) VALUES(62, 'Madrid', 'borja@pestino.com', 'Borja Perez Calar', '2023-06-02', '09:00:00', '18:00:00', '09:00:00', '18:00:00', 4);
INSERT INTO `horario` (`idhorario`, `centrotrabajo`, `correoempleado`, `empleado`, `fecha`, `fichaentrada`, `fichasalida`, `horaentrada`, `horasalida`, `idusuario`) VALUES(63, 'Madrid', 'borja@pestino.com', 'Borja Perez Calar', '2023-06-03', '09:00:00', '18:00:00', '09:00:00', '18:00:00', 4);
INSERT INTO `horario` (`idhorario`, `centrotrabajo`, `correoempleado`, `empleado`, `fecha`, `fichaentrada`, `fichasalida`, `horaentrada`, `horasalida`, `idusuario`) VALUES(64, 'Madrid', 'borja@pestino.com', 'Borja Perez Calar', '2023-06-04', '09:00:00', '18:00:00', '09:00:00', '18:00:00', 4);
INSERT INTO `horario` (`idhorario`, `centrotrabajo`, `correoempleado`, `empleado`, `fecha`, `fichaentrada`, `fichasalida`, `horaentrada`, `horasalida`, `idusuario`) VALUES(65, 'Madrid', 'borja@pestino.com', 'Borja Perez Calar', '2023-06-05', '09:00:00', '18:00:00', '09:00:00', '18:00:00', 4);
INSERT INTO `horario` (`idhorario`, `centrotrabajo`, `correoempleado`, `empleado`, `fecha`, `fichaentrada`, `fichasalida`, `horaentrada`, `horasalida`, `idusuario`) VALUES(66, 'Madrid', 'borja@pestino.com', 'Borja Perez Calar', '2023-06-06', '09:00:00', '18:00:00', '09:00:00', '18:00:00', 4);
INSERT INTO `horario` (`idhorario`, `centrotrabajo`, `correoempleado`, `empleado`, `fecha`, `fichaentrada`, `fichasalida`, `horaentrada`, `horasalida`, `idusuario`) VALUES(67, 'Madrid', 'borja@pestino.com', 'Borja Perez Calar', '2023-06-07', '09:00:00', '18:00:00', '09:00:00', '18:00:00', 4);
INSERT INTO `horario` (`idhorario`, `centrotrabajo`, `correoempleado`, `empleado`, `fecha`, `fichaentrada`, `fichasalida`, `horaentrada`, `horasalida`, `idusuario`) VALUES(68, 'Madrid', 'borja@pestino.com', 'Borja Perez Calar', '2023-06-08', '09:00:00', '18:00:00', '09:00:00', '18:00:00', 4);
INSERT INTO `horario` (`idhorario`, `centrotrabajo`, `correoempleado`, `empleado`, `fecha`, `fichaentrada`, `fichasalida`, `horaentrada`, `horasalida`, `idusuario`) VALUES(69, 'Madrid', 'borja@pestino.com', 'Borja Perez Calar', '2023-06-09', '09:00:00', '18:00:00', '09:00:00', '18:00:00', 4);
INSERT INTO `horario` (`idhorario`, `centrotrabajo`, `correoempleado`, `empleado`, `fecha`, `fichaentrada`, `fichasalida`, `horaentrada`, `horasalida`, `idusuario`) VALUES(70, 'Madrid', 'borja@pestino.com', 'Borja Perez Calar', '2023-06-10', '09:00:00', '18:00:00', '09:00:00', '18:00:00', 4);
INSERT INTO `horario` (`idhorario`, `centrotrabajo`, `correoempleado`, `empleado`, `fecha`, `fichaentrada`, `fichasalida`, `horaentrada`, `horasalida`, `idusuario`) VALUES(71, 'Madrid', 'borja@pestino.com', 'Borja Perez Calar', '2023-06-11', '09:00:00', '18:00:00', '09:00:00', '18:00:00', 4);
INSERT INTO `horario` (`idhorario`, `centrotrabajo`, `correoempleado`, `empleado`, `fecha`, `fichaentrada`, `fichasalida`, `horaentrada`, `horasalida`, `idusuario`) VALUES(72, 'Madrid', 'borja@pestino.com', 'Borja Perez Calar', '2023-06-12', '09:00:00', '18:00:00', '09:00:00', '18:00:00', 4);
INSERT INTO `horario` (`idhorario`, `centrotrabajo`, `correoempleado`, `empleado`, `fecha`, `fichaentrada`, `fichasalida`, `horaentrada`, `horasalida`, `idusuario`) VALUES(73, 'Madrid', 'borja@pestino.com', 'Borja Perez Calar', '2023-06-13', '09:00:00', '18:00:00', '09:00:00', '18:00:00', 4);
INSERT INTO `horario` (`idhorario`, `centrotrabajo`, `correoempleado`, `empleado`, `fecha`, `fichaentrada`, `fichasalida`, `horaentrada`, `horasalida`, `idusuario`) VALUES(74, 'Madrid', 'borja@pestino.com', 'Borja Perez Calar', '2023-06-14', '09:00:00', '18:00:00', '09:00:00', '18:00:00', 4);
INSERT INTO `horario` (`idhorario`, `centrotrabajo`, `correoempleado`, `empleado`, `fecha`, `fichaentrada`, `fichasalida`, `horaentrada`, `horasalida`, `idusuario`) VALUES(75, 'Madrid', 'borja@pestino.com', 'Borja Perez Calar', '2023-06-15', '09:00:00', '18:00:00', '09:00:00', '18:00:00', 4);
INSERT INTO `horario` (`idhorario`, `centrotrabajo`, `correoempleado`, `empleado`, `fecha`, `fichaentrada`, `fichasalida`, `horaentrada`, `horasalida`, `idusuario`) VALUES(76, 'Madrid', 'borja@pestino.com', 'Borja Perez Calar', '2023-06-16', '09:00:00', '18:00:00', '09:00:00', '18:00:00', 4);
INSERT INTO `horario` (`idhorario`, `centrotrabajo`, `correoempleado`, `empleado`, `fecha`, `fichaentrada`, `fichasalida`, `horaentrada`, `horasalida`, `idusuario`) VALUES(77, 'Madrid', 'borja@pestino.com', 'Borja Perez Calar', '2023-06-17', '09:00:00', '18:00:00', '09:00:00', '18:00:00', 4);
INSERT INTO `horario` (`idhorario`, `centrotrabajo`, `correoempleado`, `empleado`, `fecha`, `fichaentrada`, `fichasalida`, `horaentrada`, `horasalida`, `idusuario`) VALUES(78, 'Madrid', 'borja@pestino.com', 'Borja Perez Calar', '2023-06-18', '09:00:00', '18:00:00', '09:00:00', '18:00:00', 4);
INSERT INTO `horario` (`idhorario`, `centrotrabajo`, `correoempleado`, `empleado`, `fecha`, `fichaentrada`, `fichasalida`, `horaentrada`, `horasalida`, `idusuario`) VALUES(79, 'Madrid', 'borja@pestino.com', 'Borja Perez Calar', '2023-06-19', '09:00:00', '18:00:00', '09:00:00', '18:00:00', 4);
INSERT INTO `horario` (`idhorario`, `centrotrabajo`, `correoempleado`, `empleado`, `fecha`, `fichaentrada`, `fichasalida`, `horaentrada`, `horasalida`, `idusuario`) VALUES(80, 'Madrid', 'borja@pestino.com', 'Borja Perez Calar', '2023-06-20', '09:00:00', '18:00:00', '09:00:00', '18:00:00', 4);
INSERT INTO `horario` (`idhorario`, `centrotrabajo`, `correoempleado`, `empleado`, `fecha`, `fichaentrada`, `fichasalida`, `horaentrada`, `horasalida`, `idusuario`) VALUES(81, 'Madrid', 'borja@pestino.com', 'Borja Perez Calar', '2023-06-21', '09:00:00', '18:00:00', '09:00:00', '18:00:00', 4);
INSERT INTO `horario` (`idhorario`, `centrotrabajo`, `correoempleado`, `empleado`, `fecha`, `fichaentrada`, `fichasalida`, `horaentrada`, `horasalida`, `idusuario`) VALUES(82, 'Madrid', 'borja@pestino.com', 'Borja Perez Calar', '2023-06-22', '09:00:00', '18:00:00', '09:00:00', '18:00:00', 4);
INSERT INTO `horario` (`idhorario`, `centrotrabajo`, `correoempleado`, `empleado`, `fecha`, `fichaentrada`, `fichasalida`, `horaentrada`, `horasalida`, `idusuario`) VALUES(83, 'Madrid', 'borja@pestino.com', 'Borja Perez Calar', '2023-06-23', '09:00:00', '18:00:00', '09:00:00', '18:00:00', 4);
INSERT INTO `horario` (`idhorario`, `centrotrabajo`, `correoempleado`, `empleado`, `fecha`, `fichaentrada`, `fichasalida`, `horaentrada`, `horasalida`, `idusuario`) VALUES(84, 'Madrid', 'borja@pestino.com', 'Borja Perez Calar', '2023-06-24', '09:00:00', '18:00:00', '09:00:00', '18:00:00', 4);
INSERT INTO `horario` (`idhorario`, `centrotrabajo`, `correoempleado`, `empleado`, `fecha`, `fichaentrada`, `fichasalida`, `horaentrada`, `horasalida`, `idusuario`) VALUES(85, 'Madrid', 'borja@pestino.com', 'Borja Perez Calar', '2023-06-25', '09:00:00', '18:00:00', '09:00:00', '18:00:00', 4);
INSERT INTO `horario` (`idhorario`, `centrotrabajo`, `correoempleado`, `empleado`, `fecha`, `fichaentrada`, `fichasalida`, `horaentrada`, `horasalida`, `idusuario`) VALUES(86, 'Madrid', 'borja@pestino.com', 'Borja Perez Calar', '2023-06-26', '09:00:00', '18:00:00', '09:00:00', '18:00:00', 4);
INSERT INTO `horario` (`idhorario`, `centrotrabajo`, `correoempleado`, `empleado`, `fecha`, `fichaentrada`, `fichasalida`, `horaentrada`, `horasalida`, `idusuario`) VALUES(87, 'Madrid', 'borja@pestino.com', 'Borja Perez Calar', '2023-06-27', '09:00:00', '18:00:00', '09:00:00', '18:00:00', 4);
INSERT INTO `horario` (`idhorario`, `centrotrabajo`, `correoempleado`, `empleado`, `fecha`, `fichaentrada`, `fichasalida`, `horaentrada`, `horasalida`, `idusuario`) VALUES(88, 'Madrid', 'borja@pestino.com', 'Borja Perez Calar', '2023-06-28', '09:00:00', '18:00:00', '09:00:00', '18:00:00', 4);
INSERT INTO `horario` (`idhorario`, `centrotrabajo`, `correoempleado`, `empleado`, `fecha`, `fichaentrada`, `fichasalida`, `horaentrada`, `horasalida`, `idusuario`) VALUES(89, 'Madrid', 'borja@pestino.com', 'Borja Perez Calar', '2023-06-29', '09:00:00', '18:00:00', '09:00:00', '18:00:00', 4);
INSERT INTO `horario` (`idhorario`, `centrotrabajo`, `correoempleado`, `empleado`, `fecha`, `fichaentrada`, `fichasalida`, `horaentrada`, `horasalida`, `idusuario`) VALUES(90, 'Madrid', 'borja@pestino.com', 'Borja Perez Calar', '2023-06-30', '09:00:00', '18:00:00', '09:00:00', '18:00:00', 4);

INSERT INTO `horario` (`idhorario`, `centrotrabajo`, `correoempleado`, `empleado`, `fecha`, `fichaentrada`, `fichasalida`, `horaentrada`, `horasalida`, `idusuario`) VALUES(91, 'Madrid', 'pablo@pestino.com', 'Pablo Iglesias Sainz', '2023-06-01', '09:00:00', '18:00:00', '09:00:00', '18:00:00', 5);
INSERT INTO `horario` (`idhorario`, `centrotrabajo`, `correoempleado`, `empleado`, `fecha`, `fichaentrada`, `fichasalida`, `horaentrada`, `horasalida`, `idusuario`) VALUES(92, 'Madrid', 'pablo@pestino.com', 'Pablo Iglesias Sainz', '2023-06-02', '09:00:00', '18:00:00', '09:00:00', '18:00:00', 5);
INSERT INTO `horario` (`idhorario`, `centrotrabajo`, `correoempleado`, `empleado`, `fecha`, `fichaentrada`, `fichasalida`, `horaentrada`, `horasalida`, `idusuario`) VALUES(93, 'Madrid', 'pablo@pestino.com', 'Pablo Iglesias Sainz', '2023-06-03', '09:00:00', '18:00:00', '09:00:00', '18:00:00', 5);
INSERT INTO `horario` (`idhorario`, `centrotrabajo`, `correoempleado`, `empleado`, `fecha`, `fichaentrada`, `fichasalida`, `horaentrada`, `horasalida`, `idusuario`) VALUES(94, 'Madrid', 'pablo@pestino.com', 'Pablo Iglesias Sainz', '2023-06-04', '09:00:00', '18:00:00', '09:00:00', '18:00:00', 5);
INSERT INTO `horario` (`idhorario`, `centrotrabajo`, `correoempleado`, `empleado`, `fecha`, `fichaentrada`, `fichasalida`, `horaentrada`, `horasalida`, `idusuario`) VALUES(95, 'Madrid', 'pablo@pestino.com', 'Pablo Iglesias Sainz', '2023-06-05', '09:00:00', '18:00:00', '09:00:00', '18:00:00', 5);
INSERT INTO `horario` (`idhorario`, `centrotrabajo`, `correoempleado`, `empleado`, `fecha`, `fichaentrada`, `fichasalida`, `horaentrada`, `horasalida`, `idusuario`) VALUES(96, 'Madrid', 'pablo@pestino.com', 'Pablo Iglesias Sainz', '2023-06-06', '09:00:00', '18:00:00', '09:00:00', '18:00:00', 5);
INSERT INTO `horario` (`idhorario`, `centrotrabajo`, `correoempleado`, `empleado`, `fecha`, `fichaentrada`, `fichasalida`, `horaentrada`, `horasalida`, `idusuario`) VALUES(97, 'Madrid', 'pablo@pestino.com', 'Pablo Iglesias Sainz', '2023-06-07', '09:00:00', '18:00:00', '09:00:00', '18:00:00', 5);
INSERT INTO `horario` (`idhorario`, `centrotrabajo`, `correoempleado`, `empleado`, `fecha`, `fichaentrada`, `fichasalida`, `horaentrada`, `horasalida`, `idusuario`) VALUES(98, 'Madrid', 'pablo@pestino.com', 'Pablo Iglesias Sainz', '2023-06-08', '09:00:00', '18:00:00', '09:00:00', '18:00:00', 5);
INSERT INTO `horario` (`idhorario`, `centrotrabajo`, `correoempleado`, `empleado`, `fecha`, `fichaentrada`, `fichasalida`, `horaentrada`, `horasalida`, `idusuario`) VALUES(99, 'Madrid', 'pablo@pestino.com', 'Pablo Iglesias Sainz', '2023-06-09', '09:00:00', '18:00:00', '09:00:00', '18:00:00', 5);
INSERT INTO `horario` (`idhorario`, `centrotrabajo`, `correoempleado`, `empleado`, `fecha`, `fichaentrada`, `fichasalida`, `horaentrada`, `horasalida`, `idusuario`) VALUES(100, 'Madrid', 'pablo@pestino.com', 'Pablo Iglesias Sainz', '2023-06-10', '09:00:00', '18:00:00', '09:00:00', '18:00:00', 5);
INSERT INTO `horario` (`idhorario`, `centrotrabajo`, `correoempleado`, `empleado`, `fecha`, `fichaentrada`, `fichasalida`, `horaentrada`, `horasalida`, `idusuario`) VALUES(101, 'Madrid', 'pablo@pestino.com', 'Pablo Iglesias Sainz', '2023-06-11', '09:00:00', '18:00:00', '09:00:00', '18:00:00', 5);
INSERT INTO `horario` (`idhorario`, `centrotrabajo`, `correoempleado`, `empleado`, `fecha`, `fichaentrada`, `fichasalida`, `horaentrada`, `horasalida`, `idusuario`) VALUES(102, 'Madrid', 'pablo@pestino.com', 'Pablo Iglesias Sainz', '2023-06-12', '09:00:00', '18:00:00', '09:00:00', '18:00:00', 5);
INSERT INTO `horario` (`idhorario`, `centrotrabajo`, `correoempleado`, `empleado`, `fecha`, `fichaentrada`, `fichasalida`, `horaentrada`, `horasalida`, `idusuario`) VALUES(103, 'Madrid', 'pablo@pestino.com', 'Pablo Iglesias Sainz', '2023-06-13', '09:00:00', '18:00:00', '09:00:00', '18:00:00', 5);
INSERT INTO `horario` (`idhorario`, `centrotrabajo`, `correoempleado`, `empleado`, `fecha`, `fichaentrada`, `fichasalida`, `horaentrada`, `horasalida`, `idusuario`) VALUES(104, 'Madrid', 'pablo@pestino.com', 'Pablo Iglesias Sainz', '2023-06-14', '09:00:00', '18:00:00', '09:00:00', '18:00:00', 5);
INSERT INTO `horario` (`idhorario`, `centrotrabajo`, `correoempleado`, `empleado`, `fecha`, `fichaentrada`, `fichasalida`, `horaentrada`, `horasalida`, `idusuario`) VALUES(105, 'Madrid', 'pablo@pestino.com', 'Pablo Iglesias Sainz', '2023-06-15', '09:00:00', '18:00:00', '09:00:00', '18:00:00', 5);
INSERT INTO `horario` (`idhorario`, `centrotrabajo`, `correoempleado`, `empleado`, `fecha`, `fichaentrada`, `fichasalida`, `horaentrada`, `horasalida`, `idusuario`) VALUES(106, 'Madrid', 'pablo@pestino.com', 'Pablo Iglesias Sainz', '2023-06-16', '09:00:00', '18:00:00', '09:00:00', '18:00:00', 5);
INSERT INTO `horario` (`idhorario`, `centrotrabajo`, `correoempleado`, `empleado`, `fecha`, `fichaentrada`, `fichasalida`, `horaentrada`, `horasalida`, `idusuario`) VALUES(107, 'Madrid', 'pablo@pestino.com', 'Pablo Iglesias Sainz', '2023-06-17', '09:00:00', '18:00:00', '09:00:00', '18:00:00', 5);
INSERT INTO `horario` (`idhorario`, `centrotrabajo`, `correoempleado`, `empleado`, `fecha`, `fichaentrada`, `fichasalida`, `horaentrada`, `horasalida`, `idusuario`) VALUES(108, 'Madrid', 'pablo@pestino.com', 'Pablo Iglesias Sainz', '2023-06-18', '09:00:00', '18:00:00', '09:00:00', '18:00:00', 5);
INSERT INTO `horario` (`idhorario`, `centrotrabajo`, `correoempleado`, `empleado`, `fecha`, `fichaentrada`, `fichasalida`, `horaentrada`, `horasalida`, `idusuario`) VALUES(109, 'Madrid', 'pablo@pestino.com', 'Pablo Iglesias Sainz', '2023-06-19', '09:00:00', '18:00:00', '09:00:00', '18:00:00', 5);
INSERT INTO `horario` (`idhorario`, `centrotrabajo`, `correoempleado`, `empleado`, `fecha`, `fichaentrada`, `fichasalida`, `horaentrada`, `horasalida`, `idusuario`) VALUES(110, 'Madrid', 'pablo@pestino.com', 'Pablo Iglesias Sainz', '2023-06-20', '09:00:00', '18:00:00', '09:00:00', '18:00:00', 5);
INSERT INTO `horario` (`idhorario`, `centrotrabajo`, `correoempleado`, `empleado`, `fecha`, `fichaentrada`, `fichasalida`, `horaentrada`, `horasalida`, `idusuario`) VALUES(111, 'Madrid', 'pablo@pestino.com', 'Pablo Iglesias Sainz', '2023-06-21', '09:00:00', '18:00:00', '09:00:00', '18:00:00', 5);
INSERT INTO `horario` (`idhorario`, `centrotrabajo`, `correoempleado`, `empleado`, `fecha`, `fichaentrada`, `fichasalida`, `horaentrada`, `horasalida`, `idusuario`) VALUES(112, 'Madrid', 'pablo@pestino.com', 'Pablo Iglesias Sainz', '2023-06-22', '09:00:00', '18:00:00', '09:00:00', '18:00:00', 5);
INSERT INTO `horario` (`idhorario`, `centrotrabajo`, `correoempleado`, `empleado`, `fecha`, `fichaentrada`, `fichasalida`, `horaentrada`, `horasalida`, `idusuario`) VALUES(113, 'Madrid', 'pablo@pestino.com', 'Pablo Iglesias Sainz', '2023-06-23', '09:00:00', '18:00:00', '09:00:00', '18:00:00', 5);
INSERT INTO `horario` (`idhorario`, `centrotrabajo`, `correoempleado`, `empleado`, `fecha`, `fichaentrada`, `fichasalida`, `horaentrada`, `horasalida`, `idusuario`) VALUES(114, 'Madrid', 'pablo@pestino.com', 'Pablo Iglesias Sainz', '2023-06-24', '09:00:00', '18:00:00', '09:00:00', '18:00:00', 5);
INSERT INTO `horario` (`idhorario`, `centrotrabajo`, `correoempleado`, `empleado`, `fecha`, `fichaentrada`, `fichasalida`, `horaentrada`, `horasalida`, `idusuario`) VALUES(115, 'Madrid', 'pablo@pestino.com', 'Pablo Iglesias Sainz', '2023-06-25', '09:00:00', '18:00:00', '09:00:00', '18:00:00', 5);
INSERT INTO `horario` (`idhorario`, `centrotrabajo`, `correoempleado`, `empleado`, `fecha`, `fichaentrada`, `fichasalida`, `horaentrada`, `horasalida`, `idusuario`) VALUES(116, 'Madrid', 'pablo@pestino.com', 'Pablo Iglesias Sainz', '2023-06-26', '09:00:00', '18:00:00', '09:00:00', '18:00:00', 5);
INSERT INTO `horario` (`idhorario`, `centrotrabajo`, `correoempleado`, `empleado`, `fecha`, `fichaentrada`, `fichasalida`, `horaentrada`, `horasalida`, `idusuario`) VALUES(117, 'Madrid', 'pablo@pestino.com', 'Pablo Iglesias Sainz', '2023-06-27', '09:00:00', '18:00:00', '09:00:00', '18:00:00', 5);
INSERT INTO `horario` (`idhorario`, `centrotrabajo`, `correoempleado`, `empleado`, `fecha`, `fichaentrada`, `fichasalida`, `horaentrada`, `horasalida`, `idusuario`) VALUES(118, 'Madrid', 'pablo@pestino.com', 'Pablo Iglesias Sainz', '2023-06-28', '09:00:00', '18:00:00', '09:00:00', '18:00:00', 5);
INSERT INTO `horario` (`idhorario`, `centrotrabajo`, `correoempleado`, `empleado`, `fecha`, `fichaentrada`, `fichasalida`, `horaentrada`, `horasalida`, `idusuario`) VALUES(119, 'Madrid', 'pablo@pestino.com', 'Pablo Iglesias Sainz', '2023-06-29', '09:00:00', '18:00:00', '09:00:00', '18:00:00', 5);
INSERT INTO `horario` (`idhorario`, `centrotrabajo`, `correoempleado`, `empleado`, `fecha`, `fichaentrada`, `fichasalida`, `horaentrada`, `horasalida`, `idusuario`) VALUES(120, 'Madrid', 'pablo@pestino.com', 'Pablo Iglesias Sainz', '2023-06-30', '09:00:00', '18:00:00', '09:00:00', '18:00:00', 5);

INSERT INTO `horario` (`idhorario`, `centrotrabajo`, `correoempleado`, `empleado`, `fecha`, `fichaentrada`, `fichasalida`, `horaentrada`, `horasalida`, `idusuario`) VALUES(121, 'Madrid', 'felipe@pestino.com', 'Felipe Estopa Martinez', '2023-06-01', '09:00:00', '18:00:00', '09:00:00', '18:00:00', 6);
INSERT INTO `horario` (`idhorario`, `centrotrabajo`, `correoempleado`, `empleado`, `fecha`, `fichaentrada`, `fichasalida`, `horaentrada`, `horasalida`, `idusuario`) VALUES(122, 'Madrid', 'felipe@pestino.com', 'Felipe Estopa Martinez', '2023-06-02', '09:00:00', '18:00:00', '09:00:00', '18:00:00', 6);
INSERT INTO `horario` (`idhorario`, `centrotrabajo`, `correoempleado`, `empleado`, `fecha`, `fichaentrada`, `fichasalida`, `horaentrada`, `horasalida`, `idusuario`) VALUES(123, 'Madrid', 'felipe@pestino.com', 'Felipe Estopa Martinez', '2023-06-03', '09:00:00', '18:00:00', '09:00:00', '18:00:00', 6);
INSERT INTO `horario` (`idhorario`, `centrotrabajo`, `correoempleado`, `empleado`, `fecha`, `fichaentrada`, `fichasalida`, `horaentrada`, `horasalida`, `idusuario`) VALUES(124, 'Madrid', 'felipe@pestino.com', 'Felipe Estopa Martinez', '2023-06-04', '09:00:00', '18:00:00', '09:00:00', '18:00:00', 6);
INSERT INTO `horario` (`idhorario`, `centrotrabajo`, `correoempleado`, `empleado`, `fecha`, `fichaentrada`, `fichasalida`, `horaentrada`, `horasalida`, `idusuario`) VALUES(125, 'Madrid', 'felipe@pestino.com', 'Felipe Estopa Martinez', '2023-06-05', '09:00:00', '18:00:00', '09:00:00', '18:00:00', 6);
INSERT INTO `horario` (`idhorario`, `centrotrabajo`, `correoempleado`, `empleado`, `fecha`, `fichaentrada`, `fichasalida`, `horaentrada`, `horasalida`, `idusuario`) VALUES(126, 'Madrid', 'felipe@pestino.com', 'Felipe Estopa Martinez', '2023-06-06', '09:00:00', '18:00:00', '09:00:00', '18:00:00', 6);
INSERT INTO `horario` (`idhorario`, `centrotrabajo`, `correoempleado`, `empleado`, `fecha`, `fichaentrada`, `fichasalida`, `horaentrada`, `horasalida`, `idusuario`) VALUES(127, 'Madrid', 'felipe@pestino.com', 'Felipe Estopa Martinez', '2023-06-07', '09:00:00', '18:00:00', '09:00:00', '18:00:00', 6);
INSERT INTO `horario` (`idhorario`, `centrotrabajo`, `correoempleado`, `empleado`, `fecha`, `fichaentrada`, `fichasalida`, `horaentrada`, `horasalida`, `idusuario`) VALUES(128, 'Madrid', 'felipe@pestino.com', 'Felipe Estopa Martinez', '2023-06-08', '09:00:00', '18:00:00', '09:00:00', '18:00:00', 6);
INSERT INTO `horario` (`idhorario`, `centrotrabajo`, `correoempleado`, `empleado`, `fecha`, `fichaentrada`, `fichasalida`, `horaentrada`, `horasalida`, `idusuario`) VALUES(129, 'Madrid', 'felipe@pestino.com', 'Felipe Estopa Martinez', '2023-06-09', '09:00:00', '18:00:00', '09:00:00', '18:00:00', 6);
INSERT INTO `horario` (`idhorario`, `centrotrabajo`, `correoempleado`, `empleado`, `fecha`, `fichaentrada`, `fichasalida`, `horaentrada`, `horasalida`, `idusuario`) VALUES(130, 'Madrid', 'felipe@pestino.com', 'Felipe Estopa Martinez', '2023-06-10', '09:00:00', '18:00:00', '09:00:00', '18:00:00', 6);
INSERT INTO `horario` (`idhorario`, `centrotrabajo`, `correoempleado`, `empleado`, `fecha`, `fichaentrada`, `fichasalida`, `horaentrada`, `horasalida`, `idusuario`) VALUES(131, 'Madrid', 'felipe@pestino.com', 'Felipe Estopa Martinez', '2023-06-11', '09:00:00', '18:00:00', '09:00:00', '18:00:00', 6);
INSERT INTO `horario` (`idhorario`, `centrotrabajo`, `correoempleado`, `empleado`, `fecha`, `fichaentrada`, `fichasalida`, `horaentrada`, `horasalida`, `idusuario`) VALUES(132, 'Madrid', 'felipe@pestino.com', 'Felipe Estopa Martinez', '2023-06-12', '09:00:00', '18:00:00', '09:00:00', '18:00:00', 6);
INSERT INTO `horario` (`idhorario`, `centrotrabajo`, `correoempleado`, `empleado`, `fecha`, `fichaentrada`, `fichasalida`, `horaentrada`, `horasalida`, `idusuario`) VALUES(133, 'Madrid', 'felipe@pestino.com', 'Felipe Estopa Martinez', '2023-06-13', '09:00:00', '18:00:00', '09:00:00', '18:00:00', 6);
INSERT INTO `horario` (`idhorario`, `centrotrabajo`, `correoempleado`, `empleado`, `fecha`, `fichaentrada`, `fichasalida`, `horaentrada`, `horasalida`, `idusuario`) VALUES(134, 'Madrid', 'felipe@pestino.com', 'Felipe Estopa Martinez', '2023-06-14', '09:00:00', '18:00:00', '09:00:00', '18:00:00', 6);
INSERT INTO `horario` (`idhorario`, `centrotrabajo`, `correoempleado`, `empleado`, `fecha`, `fichaentrada`, `fichasalida`, `horaentrada`, `horasalida`, `idusuario`) VALUES(135, 'Madrid', 'felipe@pestino.com', 'Felipe Estopa Martinez', '2023-06-15', '09:00:00', '18:00:00', '09:00:00', '18:00:00', 6);
INSERT INTO `horario` (`idhorario`, `centrotrabajo`, `correoempleado`, `empleado`, `fecha`, `fichaentrada`, `fichasalida`, `horaentrada`, `horasalida`, `idusuario`) VALUES(136, 'Madrid', 'felipe@pestino.com', 'Felipe Estopa Martinez', '2023-06-16', '09:00:00', '18:00:00', '09:00:00', '18:00:00', 6);
INSERT INTO `horario` (`idhorario`, `centrotrabajo`, `correoempleado`, `empleado`, `fecha`, `fichaentrada`, `fichasalida`, `horaentrada`, `horasalida`, `idusuario`) VALUES(137, 'Madrid', 'felipe@pestino.com', 'Felipe Estopa Martinez', '2023-06-17', '09:00:00', '18:00:00', '09:00:00', '18:00:00', 6);
INSERT INTO `horario` (`idhorario`, `centrotrabajo`, `correoempleado`, `empleado`, `fecha`, `fichaentrada`, `fichasalida`, `horaentrada`, `horasalida`, `idusuario`) VALUES(138, 'Madrid', 'felipe@pestino.com', 'Felipe Estopa Martinez', '2023-06-18', '09:00:00', '18:00:00', '09:00:00', '18:00:00', 6);
INSERT INTO `horario` (`idhorario`, `centrotrabajo`, `correoempleado`, `empleado`, `fecha`, `fichaentrada`, `fichasalida`, `horaentrada`, `horasalida`, `idusuario`) VALUES(139, 'Madrid', 'felipe@pestino.com', 'Felipe Estopa Martinez', '2023-06-19', '09:00:00', '18:00:00', '09:00:00', '18:00:00', 6);
INSERT INTO `horario` (`idhorario`, `centrotrabajo`, `correoempleado`, `empleado`, `fecha`, `fichaentrada`, `fichasalida`, `horaentrada`, `horasalida`, `idusuario`) VALUES(140, 'Madrid', 'felipe@pestino.com', 'Felipe Estopa Martinez', '2023-06-20', '09:00:00', '18:00:00', '09:00:00', '18:00:00', 6);
INSERT INTO `horario` (`idhorario`, `centrotrabajo`, `correoempleado`, `empleado`, `fecha`, `fichaentrada`, `fichasalida`, `horaentrada`, `horasalida`, `idusuario`) VALUES(141, 'Madrid', 'felipe@pestino.com', 'Felipe Estopa Martinez', '2023-06-21', '09:00:00', '18:00:00', '09:00:00', '18:00:00', 6);
INSERT INTO `horario` (`idhorario`, `centrotrabajo`, `correoempleado`, `empleado`, `fecha`, `fichaentrada`, `fichasalida`, `horaentrada`, `horasalida`, `idusuario`) VALUES(142, 'Madrid', 'felipe@pestino.com', 'Felipe Estopa Martinez', '2023-06-22', '09:00:00', '18:00:00', '09:00:00', '18:00:00', 6);
INSERT INTO `horario` (`idhorario`, `centrotrabajo`, `correoempleado`, `empleado`, `fecha`, `fichaentrada`, `fichasalida`, `horaentrada`, `horasalida`, `idusuario`) VALUES(143, 'Madrid', 'felipe@pestino.com', 'Felipe Estopa Martinez', '2023-06-23', '09:00:00', '18:00:00', '09:00:00', '18:00:00', 6);
INSERT INTO `horario` (`idhorario`, `centrotrabajo`, `correoempleado`, `empleado`, `fecha`, `fichaentrada`, `fichasalida`, `horaentrada`, `horasalida`, `idusuario`) VALUES(144, 'Madrid', 'felipe@pestino.com', 'Felipe Estopa Martinez', '2023-06-24', '09:00:00', '18:00:00', '09:00:00', '18:00:00', 6);
INSERT INTO `horario` (`idhorario`, `centrotrabajo`, `correoempleado`, `empleado`, `fecha`, `fichaentrada`, `fichasalida`, `horaentrada`, `horasalida`, `idusuario`) VALUES(145, 'Madrid', 'felipe@pestino.com', 'Felipe Estopa Martinez', '2023-06-25', '09:00:00', '18:00:00', '09:00:00', '18:00:00', 6);
INSERT INTO `horario` (`idhorario`, `centrotrabajo`, `correoempleado`, `empleado`, `fecha`, `fichaentrada`, `fichasalida`, `horaentrada`, `horasalida`, `idusuario`) VALUES(146, 'Madrid', 'felipe@pestino.com', 'Felipe Estopa Martinez', '2023-06-26', '09:00:00', '18:00:00', '09:00:00', '18:00:00', 6);
INSERT INTO `horario` (`idhorario`, `centrotrabajo`, `correoempleado`, `empleado`, `fecha`, `fichaentrada`, `fichasalida`, `horaentrada`, `horasalida`, `idusuario`) VALUES(147, 'Madrid', 'felipe@pestino.com', 'Felipe Estopa Martinez', '2023-06-27', '09:00:00', '18:00:00', '09:00:00', '18:00:00', 6);
INSERT INTO `horario` (`idhorario`, `centrotrabajo`, `correoempleado`, `empleado`, `fecha`, `fichaentrada`, `fichasalida`, `horaentrada`, `horasalida`, `idusuario`) VALUES(148, 'Madrid', 'felipe@pestino.com', 'Felipe Estopa Martinez', '2023-06-28', '09:00:00', '18:00:00', '09:00:00', '18:00:00', 6);
INSERT INTO `horario` (`idhorario`, `centrotrabajo`, `correoempleado`, `empleado`, `fecha`, `fichaentrada`, `fichasalida`, `horaentrada`, `horasalida`, `idusuario`) VALUES(149, 'Madrid', 'felipe@pestino.com', 'Felipe Estopa Martinez', '2023-06-29', '09:00:00', '18:00:00', '09:00:00', '18:00:00', 6);
INSERT INTO `horario` (`idhorario`, `centrotrabajo`, `correoempleado`, `empleado`, `fecha`, `fichaentrada`, `fichasalida`, `horaentrada`, `horasalida`, `idusuario`) VALUES(150, 'Madrid', 'felipe@pestino.com', 'Felipe Estopa Martinez', '2023-06-30', '09:00:00', '18:00:00', '09:00:00', '18:00:00', 6);

INSERT INTO `horario` (`idhorario`, `centrotrabajo`, `correoempleado`, `empleado`, `fecha`, `fichaentrada`, `fichasalida`, `horaentrada`, `horasalida`, `idusuario`) VALUES(151, 'Madrid', 'fernando@pestino.com', 'Fernando Tejero Lopez', '2023-06-01', '09:00:00', '18:00:00', '09:00:00', '18:00:00', 7);
INSERT INTO `horario` (`idhorario`, `centrotrabajo`, `correoempleado`, `empleado`, `fecha`, `fichaentrada`, `fichasalida`, `horaentrada`, `horasalida`, `idusuario`) VALUES(152, 'Madrid', 'fernando@pestino.com', 'Fernando Tejero Lopez', '2023-06-02', '09:00:00', '18:00:00', '09:00:00', '18:00:00', 7);
INSERT INTO `horario` (`idhorario`, `centrotrabajo`, `correoempleado`, `empleado`, `fecha`, `fichaentrada`, `fichasalida`, `horaentrada`, `horasalida`, `idusuario`) VALUES(153, 'Madrid', 'fernando@pestino.com', 'Fernando Tejero Lopez', '2023-06-03', '09:00:00', '18:00:00', '09:00:00', '18:00:00', 7);
INSERT INTO `horario` (`idhorario`, `centrotrabajo`, `correoempleado`, `empleado`, `fecha`, `fichaentrada`, `fichasalida`, `horaentrada`, `horasalida`, `idusuario`) VALUES(154, 'Madrid', 'fernando@pestino.com', 'Fernando Tejero Lopez', '2023-06-04', '09:00:00', '18:00:00', '09:00:00', '18:00:00', 7);
INSERT INTO `horario` (`idhorario`, `centrotrabajo`, `correoempleado`, `empleado`, `fecha`, `fichaentrada`, `fichasalida`, `horaentrada`, `horasalida`, `idusuario`) VALUES(155, 'Madrid', 'fernando@pestino.com', 'Fernando Tejero Lopez', '2023-06-05', '09:00:00', '18:00:00', '09:00:00', '18:00:00', 7);
INSERT INTO `horario` (`idhorario`, `centrotrabajo`, `correoempleado`, `empleado`, `fecha`, `fichaentrada`, `fichasalida`, `horaentrada`, `horasalida`, `idusuario`) VALUES(156, 'Madrid', 'fernando@pestino.com', 'Fernando Tejero Lopez', '2023-06-06', '09:00:00', '18:00:00', '09:00:00', '18:00:00', 7);
INSERT INTO `horario` (`idhorario`, `centrotrabajo`, `correoempleado`, `empleado`, `fecha`, `fichaentrada`, `fichasalida`, `horaentrada`, `horasalida`, `idusuario`) VALUES(157, 'Madrid', 'fernando@pestino.com', 'Fernando Tejero Lopez', '2023-06-07', '09:00:00', '18:00:00', '09:00:00', '18:00:00', 7);
INSERT INTO `horario` (`idhorario`, `centrotrabajo`, `correoempleado`, `empleado`, `fecha`, `fichaentrada`, `fichasalida`, `horaentrada`, `horasalida`, `idusuario`) VALUES(158, 'Madrid', 'fernando@pestino.com', 'Fernando Tejero Lopez', '2023-06-08', '09:00:00', '18:00:00', '09:00:00', '18:00:00', 7);
INSERT INTO `horario` (`idhorario`, `centrotrabajo`, `correoempleado`, `empleado`, `fecha`, `fichaentrada`, `fichasalida`, `horaentrada`, `horasalida`, `idusuario`) VALUES(159, 'Madrid', 'fernando@pestino.com', 'Fernando Tejero Lopez', '2023-06-09', '09:00:00', '18:00:00', '09:00:00', '18:00:00', 7);
INSERT INTO `horario` (`idhorario`, `centrotrabajo`, `correoempleado`, `empleado`, `fecha`, `fichaentrada`, `fichasalida`, `horaentrada`, `horasalida`, `idusuario`) VALUES(160, 'Madrid', 'fernando@pestino.com', 'Fernando Tejero Lopez', '2023-06-10', '09:00:00', '18:00:00', '09:00:00', '18:00:00', 7);
INSERT INTO `horario` (`idhorario`, `centrotrabajo`, `correoempleado`, `empleado`, `fecha`, `fichaentrada`, `fichasalida`, `horaentrada`, `horasalida`, `idusuario`) VALUES(161, 'Madrid', 'fernando@pestino.com', 'Fernando Tejero Lopez', '2023-06-11', '09:00:00', '18:00:00', '09:00:00', '18:00:00', 7);
INSERT INTO `horario` (`idhorario`, `centrotrabajo`, `correoempleado`, `empleado`, `fecha`, `fichaentrada`, `fichasalida`, `horaentrada`, `horasalida`, `idusuario`) VALUES(162, 'Madrid', 'fernando@pestino.com', 'Fernando Tejero Lopez', '2023-06-12', '09:00:00', '18:00:00', '09:00:00', '18:00:00', 7);
INSERT INTO `horario` (`idhorario`, `centrotrabajo`, `correoempleado`, `empleado`, `fecha`, `fichaentrada`, `fichasalida`, `horaentrada`, `horasalida`, `idusuario`) VALUES(163, 'Madrid', 'fernando@pestino.com', 'Fernando Tejero Lopez', '2023-06-13', '09:00:00', '18:00:00', '09:00:00', '18:00:00', 7);
INSERT INTO `horario` (`idhorario`, `centrotrabajo`, `correoempleado`, `empleado`, `fecha`, `fichaentrada`, `fichasalida`, `horaentrada`, `horasalida`, `idusuario`) VALUES(164, 'Madrid', 'fernando@pestino.com', 'Fernando Tejero Lopez', '2023-06-14', '09:00:00', '18:00:00', '09:00:00', '18:00:00', 7);
INSERT INTO `horario` (`idhorario`, `centrotrabajo`, `correoempleado`, `empleado`, `fecha`, `fichaentrada`, `fichasalida`, `horaentrada`, `horasalida`, `idusuario`) VALUES(165, 'Madrid', 'fernando@pestino.com', 'Fernando Tejero Lopez', '2023-06-15', '09:00:00', '18:00:00', '09:00:00', '18:00:00', 7);
INSERT INTO `horario` (`idhorario`, `centrotrabajo`, `correoempleado`, `empleado`, `fecha`, `fichaentrada`, `fichasalida`, `horaentrada`, `horasalida`, `idusuario`) VALUES(166, 'Madrid', 'fernando@pestino.com', 'Fernando Tejero Lopez', '2023-06-16', '09:00:00', '18:00:00', '09:00:00', '18:00:00', 7);
INSERT INTO `horario` (`idhorario`, `centrotrabajo`, `correoempleado`, `empleado`, `fecha`, `fichaentrada`, `fichasalida`, `horaentrada`, `horasalida`, `idusuario`) VALUES(167, 'Madrid', 'fernando@pestino.com', 'Fernando Tejero Lopez', '2023-06-17', '09:00:00', '18:00:00', '09:00:00', '18:00:00', 7);
INSERT INTO `horario` (`idhorario`, `centrotrabajo`, `correoempleado`, `empleado`, `fecha`, `fichaentrada`, `fichasalida`, `horaentrada`, `horasalida`, `idusuario`) VALUES(168, 'Madrid', 'fernando@pestino.com', 'Fernando Tejero Lopez', '2023-06-18', '09:00:00', '18:00:00', '09:00:00', '18:00:00', 7);
INSERT INTO `horario` (`idhorario`, `centrotrabajo`, `correoempleado`, `empleado`, `fecha`, `fichaentrada`, `fichasalida`, `horaentrada`, `horasalida`, `idusuario`) VALUES(169, 'Madrid', 'fernando@pestino.com', 'Fernando Tejero Lopez', '2023-06-19', '09:00:00', '18:00:00', '09:00:00', '18:00:00', 7);
INSERT INTO `horario` (`idhorario`, `centrotrabajo`, `correoempleado`, `empleado`, `fecha`, `fichaentrada`, `fichasalida`, `horaentrada`, `horasalida`, `idusuario`) VALUES(170, 'Madrid', 'fernando@pestino.com', 'Fernando Tejero Lopez', '2023-06-20', '09:00:00', '18:00:00', '09:00:00', '18:00:00', 7);
INSERT INTO `horario` (`idhorario`, `centrotrabajo`, `correoempleado`, `empleado`, `fecha`, `fichaentrada`, `fichasalida`, `horaentrada`, `horasalida`, `idusuario`) VALUES(171, 'Madrid', 'fernando@pestino.com', 'Fernando Tejero Lopez', '2023-06-21', '09:00:00', '18:00:00', '09:00:00', '18:00:00', 7);
INSERT INTO `horario` (`idhorario`, `centrotrabajo`, `correoempleado`, `empleado`, `fecha`, `fichaentrada`, `fichasalida`, `horaentrada`, `horasalida`, `idusuario`) VALUES(172, 'Madrid', 'fernando@pestino.com', 'Fernando Tejero Lopez', '2023-06-22', '09:00:00', '18:00:00', '09:00:00', '18:00:00', 7);
INSERT INTO `horario` (`idhorario`, `centrotrabajo`, `correoempleado`, `empleado`, `fecha`, `fichaentrada`, `fichasalida`, `horaentrada`, `horasalida`, `idusuario`) VALUES(173, 'Madrid', 'fernando@pestino.com', 'Fernando Tejero Lopez', '2023-06-23', '09:00:00', '18:00:00', '09:00:00', '18:00:00', 7);
INSERT INTO `horario` (`idhorario`, `centrotrabajo`, `correoempleado`, `empleado`, `fecha`, `fichaentrada`, `fichasalida`, `horaentrada`, `horasalida`, `idusuario`) VALUES(174, 'Madrid', 'fernando@pestino.com', 'Fernando Tejero Lopez', '2023-06-24', '09:00:00', '18:00:00', '09:00:00', '18:00:00', 7);
INSERT INTO `horario` (`idhorario`, `centrotrabajo`, `correoempleado`, `empleado`, `fecha`, `fichaentrada`, `fichasalida`, `horaentrada`, `horasalida`, `idusuario`) VALUES(175, 'Madrid', 'fernando@pestino.com', 'Fernando Tejero Lopez', '2023-06-25', '09:00:00', '18:00:00', '09:00:00', '18:00:00', 7);
INSERT INTO `horario` (`idhorario`, `centrotrabajo`, `correoempleado`, `empleado`, `fecha`, `fichaentrada`, `fichasalida`, `horaentrada`, `horasalida`, `idusuario`) VALUES(176, 'Madrid', 'fernando@pestino.com', 'Fernando Tejero Lopez', '2023-06-26', '09:00:00', '18:00:00', '09:00:00', '18:00:00', 7);
INSERT INTO `horario` (`idhorario`, `centrotrabajo`, `correoempleado`, `empleado`, `fecha`, `fichaentrada`, `fichasalida`, `horaentrada`, `horasalida`, `idusuario`) VALUES(177, 'Madrid', 'fernando@pestino.com', 'Fernando Tejero Lopez', '2023-06-27', '09:00:00', '18:00:00', '09:00:00', '18:00:00', 7);
INSERT INTO `horario` (`idhorario`, `centrotrabajo`, `correoempleado`, `empleado`, `fecha`, `fichaentrada`, `fichasalida`, `horaentrada`, `horasalida`, `idusuario`) VALUES(178, 'Madrid', 'fernando@pestino.com', 'Fernando Tejero Lopez', '2023-06-28', '09:00:00', '18:00:00', '09:00:00', '18:00:00', 7);
INSERT INTO `horario` (`idhorario`, `centrotrabajo`, `correoempleado`, `empleado`, `fecha`, `fichaentrada`, `fichasalida`, `horaentrada`, `horasalida`, `idusuario`) VALUES(179, 'Madrid', 'fernando@pestino.com', 'Fernando Tejero Lopez', '2023-06-29', '09:00:00', '18:00:00', '09:00:00', '18:00:00', 7);
INSERT INTO `horario` (`idhorario`, `centrotrabajo`, `correoempleado`, `empleado`, `fecha`, `fichaentrada`, `fichasalida`, `horaentrada`, `horasalida`, `idusuario`) VALUES(180, 'Madrid', 'fernando@pestino.com', 'Fernando Tejero Lopez', '2023-06-30', '09:00:00', '18:00:00', '09:00:00', '18:00:00', 7);

INSERT INTO `horario` (`idhorario`, `centrotrabajo`, `correoempleado`, `empleado`, `fecha`, `fichaentrada`, `fichasalida`, `horaentrada`, `horasalida`, `idusuario`) VALUES(181, 'Madrid', 'raul@pestino.com', 'Raul Gonzalez Blanco', '2023-06-01', '09:00:00', '18:00:00', '09:00:00', '18:00:00', 8);
INSERT INTO `horario` (`idhorario`, `centrotrabajo`, `correoempleado`, `empleado`, `fecha`, `fichaentrada`, `fichasalida`, `horaentrada`, `horasalida`, `idusuario`) VALUES(182, 'Madrid', 'raul@pestino.com', 'Raul Gonzalez Blanco', '2023-06-02', '09:00:00', '18:00:00', '09:00:00', '18:00:00', 8);
INSERT INTO `horario` (`idhorario`, `centrotrabajo`, `correoempleado`, `empleado`, `fecha`, `fichaentrada`, `fichasalida`, `horaentrada`, `horasalida`, `idusuario`) VALUES(183, 'Madrid', 'raul@pestino.com', 'Raul Gonzalez Blanco', '2023-06-03', '09:00:00', '18:00:00', '09:00:00', '18:00:00', 8);
INSERT INTO `horario` (`idhorario`, `centrotrabajo`, `correoempleado`, `empleado`, `fecha`, `fichaentrada`, `fichasalida`, `horaentrada`, `horasalida`, `idusuario`) VALUES(184, 'Madrid', 'raul@pestino.com', 'Raul Gonzalez Blanco', '2023-06-04', '09:00:00', '18:00:00', '09:00:00', '18:00:00', 8);
INSERT INTO `horario` (`idhorario`, `centrotrabajo`, `correoempleado`, `empleado`, `fecha`, `fichaentrada`, `fichasalida`, `horaentrada`, `horasalida`, `idusuario`) VALUES(185, 'Madrid', 'raul@pestino.com', 'Raul Gonzalez Blanco', '2023-06-05', '09:00:00', '18:00:00', '09:00:00', '18:00:00', 8);
INSERT INTO `horario` (`idhorario`, `centrotrabajo`, `correoempleado`, `empleado`, `fecha`, `fichaentrada`, `fichasalida`, `horaentrada`, `horasalida`, `idusuario`) VALUES(186, 'Madrid', 'raul@pestino.com', 'Raul Gonzalez Blanco', '2023-06-06', '09:00:00', '18:00:00', '09:00:00', '18:00:00', 8);
INSERT INTO `horario` (`idhorario`, `centrotrabajo`, `correoempleado`, `empleado`, `fecha`, `fichaentrada`, `fichasalida`, `horaentrada`, `horasalida`, `idusuario`) VALUES(187, 'Madrid', 'raul@pestino.com', 'Raul Gonzalez Blanco', '2023-06-07', '09:00:00', '18:00:00', '09:00:00', '18:00:00', 8);
INSERT INTO `horario` (`idhorario`, `centrotrabajo`, `correoempleado`, `empleado`, `fecha`, `fichaentrada`, `fichasalida`, `horaentrada`, `horasalida`, `idusuario`) VALUES(188, 'Madrid', 'raul@pestino.com', 'Raul Gonzalez Blanco', '2023-06-08', '09:00:00', '18:00:00', '09:00:00', '18:00:00', 8);
INSERT INTO `horario` (`idhorario`, `centrotrabajo`, `correoempleado`, `empleado`, `fecha`, `fichaentrada`, `fichasalida`, `horaentrada`, `horasalida`, `idusuario`) VALUES(189, 'Madrid', 'raul@pestino.com', 'Raul Gonzalez Blanco', '2023-06-09', '09:00:00', '18:00:00', '09:00:00', '18:00:00', 8);
INSERT INTO `horario` (`idhorario`, `centrotrabajo`, `correoempleado`, `empleado`, `fecha`, `fichaentrada`, `fichasalida`, `horaentrada`, `horasalida`, `idusuario`) VALUES(190, 'Madrid', 'raul@pestino.com', 'Raul Gonzalez Blanco', '2023-06-10', '09:00:00', '18:00:00', '09:00:00', '18:00:00', 8);
INSERT INTO `horario` (`idhorario`, `centrotrabajo`, `correoempleado`, `empleado`, `fecha`, `fichaentrada`, `fichasalida`, `horaentrada`, `horasalida`, `idusuario`) VALUES(191, 'Madrid', 'raul@pestino.com', 'Raul Gonzalez Blanco', '2023-06-11', '09:00:00', '18:00:00', '09:00:00', '18:00:00', 8);
INSERT INTO `horario` (`idhorario`, `centrotrabajo`, `correoempleado`, `empleado`, `fecha`, `fichaentrada`, `fichasalida`, `horaentrada`, `horasalida`, `idusuario`) VALUES(192, 'Madrid', 'raul@pestino.com', 'Raul Gonzalez Blanco', '2023-06-12', '09:00:00', '18:00:00', '09:00:00', '18:00:00', 8);
INSERT INTO `horario` (`idhorario`, `centrotrabajo`, `correoempleado`, `empleado`, `fecha`, `fichaentrada`, `fichasalida`, `horaentrada`, `horasalida`, `idusuario`) VALUES(193, 'Madrid', 'raul@pestino.com', 'Raul Gonzalez Blanco', '2023-06-13', '09:00:00', '18:00:00', '09:00:00', '18:00:00', 8);
INSERT INTO `horario` (`idhorario`, `centrotrabajo`, `correoempleado`, `empleado`, `fecha`, `fichaentrada`, `fichasalida`, `horaentrada`, `horasalida`, `idusuario`) VALUES(194, 'Madrid', 'raul@pestino.com', 'Raul Gonzalez Blanco', '2023-06-14', '09:00:00', '18:00:00', '09:00:00', '18:00:00', 8);
INSERT INTO `horario` (`idhorario`, `centrotrabajo`, `correoempleado`, `empleado`, `fecha`, `fichaentrada`, `fichasalida`, `horaentrada`, `horasalida`, `idusuario`) VALUES(195, 'Madrid', 'raul@pestino.com', 'Raul Gonzalez Blanco', '2023-06-15', '09:00:00', '18:00:00', '09:00:00', '18:00:00', 8);
INSERT INTO `horario` (`idhorario`, `centrotrabajo`, `correoempleado`, `empleado`, `fecha`, `fichaentrada`, `fichasalida`, `horaentrada`, `horasalida`, `idusuario`) VALUES(196, 'Madrid', 'raul@pestino.com', 'Raul Gonzalez Blanco', '2023-06-16', '09:00:00', '18:00:00', '09:00:00', '18:00:00', 8);
INSERT INTO `horario` (`idhorario`, `centrotrabajo`, `correoempleado`, `empleado`, `fecha`, `fichaentrada`, `fichasalida`, `horaentrada`, `horasalida`, `idusuario`) VALUES(197, 'Madrid', 'raul@pestino.com', 'Raul Gonzalez Blanco', '2023-06-17', '09:00:00', '18:00:00', '09:00:00', '18:00:00', 8);
INSERT INTO `horario` (`idhorario`, `centrotrabajo`, `correoempleado`, `empleado`, `fecha`, `fichaentrada`, `fichasalida`, `horaentrada`, `horasalida`, `idusuario`) VALUES(198, 'Madrid', 'raul@pestino.com', 'Raul Gonzalez Blanco', '2023-06-18', '09:00:00', '18:00:00', '09:00:00', '18:00:00', 8);
INSERT INTO `horario` (`idhorario`, `centrotrabajo`, `correoempleado`, `empleado`, `fecha`, `fichaentrada`, `fichasalida`, `horaentrada`, `horasalida`, `idusuario`) VALUES(199, 'Madrid', 'raul@pestino.com', 'Raul Gonzalez Blanco', '2023-06-19', '09:00:00', '18:00:00', '09:00:00', '18:00:00', 8);
INSERT INTO `horario` (`idhorario`, `centrotrabajo`, `correoempleado`, `empleado`, `fecha`, `fichaentrada`, `fichasalida`, `horaentrada`, `horasalida`, `idusuario`) VALUES(200, 'Madrid', 'raul@pestino.com', 'Raul Gonzalez Blanco', '2023-06-20', '09:00:00', '18:00:00', '09:00:00', '18:00:00', 8);
INSERT INTO `horario` (`idhorario`, `centrotrabajo`, `correoempleado`, `empleado`, `fecha`, `fichaentrada`, `fichasalida`, `horaentrada`, `horasalida`, `idusuario`) VALUES(201, 'Madrid', 'raul@pestino.com', 'Raul Gonzalez Blanco', '2023-06-21', '09:00:00', '18:00:00', '09:00:00', '18:00:00', 8);
INSERT INTO `horario` (`idhorario`, `centrotrabajo`, `correoempleado`, `empleado`, `fecha`, `fichaentrada`, `fichasalida`, `horaentrada`, `horasalida`, `idusuario`) VALUES(202, 'Madrid', 'raul@pestino.com', 'Raul Gonzalez Blanco', '2023-06-22', '09:00:00', '18:00:00', '09:00:00', '18:00:00', 8);
INSERT INTO `horario` (`idhorario`, `centrotrabajo`, `correoempleado`, `empleado`, `fecha`, `fichaentrada`, `fichasalida`, `horaentrada`, `horasalida`, `idusuario`) VALUES(203, 'Madrid', 'raul@pestino.com', 'Raul Gonzalez Blanco', '2023-06-23', '09:00:00', '18:00:00', '09:00:00', '18:00:00', 8);
INSERT INTO `horario` (`idhorario`, `centrotrabajo`, `correoempleado`, `empleado`, `fecha`, `fichaentrada`, `fichasalida`, `horaentrada`, `horasalida`, `idusuario`) VALUES(204, 'Madrid', 'raul@pestino.com', 'Raul Gonzalez Blanco', '2023-06-24', '09:00:00', '18:00:00', '09:00:00', '18:00:00', 8);
INSERT INTO `horario` (`idhorario`, `centrotrabajo`, `correoempleado`, `empleado`, `fecha`, `fichaentrada`, `fichasalida`, `horaentrada`, `horasalida`, `idusuario`) VALUES(205, 'Madrid', 'raul@pestino.com', 'Raul Gonzalez Blanco', '2023-06-25', '09:00:00', '18:00:00', '09:00:00', '18:00:00', 8);
INSERT INTO `horario` (`idhorario`, `centrotrabajo`, `correoempleado`, `empleado`, `fecha`, `fichaentrada`, `fichasalida`, `horaentrada`, `horasalida`, `idusuario`) VALUES(206, 'Madrid', 'raul@pestino.com', 'Raul Gonzalez Blanco', '2023-06-26', '09:00:00', '18:00:00', '09:00:00', '18:00:00', 8);
INSERT INTO `horario` (`idhorario`, `centrotrabajo`, `correoempleado`, `empleado`, `fecha`, `fichaentrada`, `fichasalida`, `horaentrada`, `horasalida`, `idusuario`) VALUES(207, 'Madrid', 'raul@pestino.com', 'Raul Gonzalez Blanco', '2023-06-27', '09:00:00', '18:00:00', '09:00:00', '18:00:00', 8);
INSERT INTO `horario` (`idhorario`, `centrotrabajo`, `correoempleado`, `empleado`, `fecha`, `fichaentrada`, `fichasalida`, `horaentrada`, `horasalida`, `idusuario`) VALUES(208, 'Madrid', 'raul@pestino.com', 'Raul Gonzalez Blanco', '2023-06-28', '09:00:00', '18:00:00', '09:00:00', '18:00:00', 8);
INSERT INTO `horario` (`idhorario`, `centrotrabajo`, `correoempleado`, `empleado`, `fecha`, `fichaentrada`, `fichasalida`, `horaentrada`, `horasalida`, `idusuario`) VALUES(209, 'Madrid', 'raul@pestino.com', 'Raul Gonzalez Blanco', '2023-06-29', '09:00:00', '18:00:00', '09:00:00', '18:00:00', 8);
INSERT INTO `horario` (`idhorario`, `centrotrabajo`, `correoempleado`, `empleado`, `fecha`, `fichaentrada`, `fichasalida`, `horaentrada`, `horasalida`, `idusuario`) VALUES(210, 'Madrid', 'raul@pestino.com', 'Raul Gonzalez Blanco', '2023-06-30', '09:00:00', '18:00:00', '09:00:00', '18:00:00', 8);

INSERT INTO `mensaje` (`idmensaje`, `asunto`, `centrode`, `centropara`, `contenido`, `de`, `fecha`, `hora`, `nomempresa`, `para`, `vistode`, `vistopara`, `idusuario`) VALUES(1, 'Baja', 'Fuenlabrada', 'Madrid', 'Podras confirmar cuando vuelves de la baja?', 'marcelo@pestino.com', '2023-06-02', '12:35:00', 'Pestinos S.A.', 'esteban@pestino.com', b'1', b'0', 1);
INSERT INTO `mensaje` (`idmensaje`, `asunto`, `centrode`, `centropara`, `contenido`, `de`, `fecha`, `hora`, `nomempresa`, `para`, `vistode`, `vistopara`, `idusuario`) VALUES(2, 'Baja', 'Madrid', 'Fuenlabrada', 'Vuelvo el 27 de junio. Un saludo.', 'esteban@pestino.com', '2023-06-03', '13:05:00', 'Pestinos S.A.', 'marcelo@pestino.com', b'1', b'0', 2);
INSERT INTO `mensaje` (`idmensaje`, `asunto`, `centrode`, `centropara`, `contenido`, `de`, `fecha`, `hora`, `nomempresa`, `para`, `vistode`, `vistopara`, `idusuario`) VALUES(3, 'Baja', 'Fuenlabrada', 'Madrid', 'Podras enviarme el certificado de la baja?', 'marcelo@pestino.com', '2023-06-07', '11:52:00', 'Pestinos S.A.', 'fitipaldi@pestino.com', b'1', b'0', 1);
INSERT INTO `mensaje` (`idmensaje`, `asunto`, `centrode`, `centropara`, `contenido`, `de`, `fecha`, `hora`, `nomempresa`, `para`, `vistode`, `vistopara`, `idusuario`) VALUES(4, 'Baja', 'Madrid', 'Fuenlabrada', 'Claro,te lo envio al correo de recursos humanos?', 'fitipaldi@pestino.com', '2023-06-07', '14:03:00', 'Pestinos S.A.', 'marcelo@pestino.com', b'1', b'0', 3);
INSERT INTO `mensaje` (`idmensaje`, `asunto`, `centrode`, `centropara`, `contenido`, `de`, `fecha`, `hora`, `nomempresa`, `para`, `vistode`, `vistopara`, `idusuario`) VALUES(5, 'Cambio de Turno', 'Fuenlabrada', 'Madrid', 'Podras empezar a hacer a partir del lunes que viene, horario de tarde?', 'marcelo@pestino.com', '2023-06-12', '10:50:00', 'Pestinos S.A.', 'borja@pestino.com', b'1', b'0', 1);
INSERT INTO `mensaje` (`idmensaje`, `asunto`, `centrode`, `centropara`, `contenido`, `de`, `fecha`, `hora`, `nomempresa`, `para`, `vistode`, `vistopara`, `idusuario`) VALUES(6, 'Cambio de Turno', 'Madrid', 'Fuenlabrada', 'No puedo, por las tardes tengo que recoger a mis hijos.', 'borja@pestino.com', '2023-06-12', '15:15:00', 'Pestinos S.A.', 'marcelo@pestino.com', b'1', b'0', 4);
INSERT INTO `mensaje` (`idmensaje`, `asunto`, `centrode`, `centropara`, `contenido`, `de`, `fecha`, `hora`, `nomempresa`, `para`, `vistode`, `vistopara`, `idusuario`) VALUES(7, 'Otros', 'Fuenlabrada', 'Madrid', 'Me comenta direccin que puedes hacer uso del parking.', 'marcelo@pestino.com', '2023-06-14', '16:03:00', 'Pestinos S.A.', 'pablo@pestino.com', b'1', b'0', 1);
INSERT INTO `mensaje` (`idmensaje`, `asunto`, `centrode`, `centropara`, `contenido`, `de`, `fecha`, `hora`, `nomempresa`, `para`, `vistode`, `vistopara`, `idusuario`) VALUES(8, 'Otros', 'Madrid', 'Fuenlabrada', 'De acuerdo, no saba que el parking era para el uso de todos, gracias.', 'pablo@pestino.com', '2023-06-14', '17:30:00', 'Pestinos S.A.', 'marcelo@pestino.com', b'1', b'0', 5);
INSERT INTO `mensaje` (`idmensaje`, `asunto`, `centrode`, `centropara`, `contenido`, `de`, `fecha`, `hora`, `nomempresa`, `para`, `vistode`, `vistopara`, `idusuario`) VALUES(9, 'Importante', 'Fuenlabrada', 'Madrid', 'Debes traerme el IBAN el jueves para el ingreso de la nmina', 'marcelo@pestino.com', '2023-06-05', '12:14:00', 'Pestinos S.A.', 'felipe@pestino.com', b'1', b'0', 1);
INSERT INTO `mensaje` (`idmensaje`, `asunto`, `centrode`, `centropara`, `contenido`, `de`, `fecha`, `hora`, `nomempresa`, `para`, `vistode`, `vistopara`, `idusuario`) VALUES(10, 'Importante', 'Madrid', 'Fuenlabrada', 'Perfecto, lo llevo sin falta. Un saludo', 'felipe@pestino.com', '2023-06-05', '13:37:00', 'Pestinos S.A.', 'marcelo@pestino.com', b'1', b'0', 6);
INSERT INTO `mensaje` (`idmensaje`, `asunto`, `centrode`, `centropara`, `contenido`, `de`, `fecha`, `hora`, `nomempresa`, `para`, `vistode`, `vistopara`, `idusuario`) VALUES(11, 'Vacaciones', 'Fuenlabrada', 'Madrid', 'Necesito que me envies tus vacaciones de verano.', 'marcelo@pestino.com', '2023-06-15', '14:10:00', 'Pestinos S.A.', 'fernando@pestino.com', b'1', b'0', 1);
INSERT INTO `mensaje` (`idmensaje`, `asunto`, `centrode`, `centropara`, `contenido`, `de`, `fecha`, `hora`, `nomempresa`, `para`, `vistode`, `vistopara`, `idusuario`) VALUES(12, 'Vacaciones', 'Madrid', 'Fuenlabrada', 'Maana sin falta las tienes a primera hora', 'fernando@pestino.com', '2023-06-15', '16:39:00', 'Pestinos S.A.', 'marcelo@pestino.com', b'1', b'0', 7);
INSERT INTO `mensaje` (`idmensaje`, `asunto`, `centrode`, `centropara`, `contenido`, `de`, `fecha`, `hora`, `nomempresa`, `para`, `vistode`, `vistopara`, `idusuario`) VALUES(13, 'Incidencia', 'Fuenlabrada', 'Madrid', 'Estamos notando que no has cumplido las horas de la semana pasada, podras explicarnos las causas?', 'marcelo@pestino.com', '2023-06-13', '11:25:00', 'Pestinos S.A.', 'raul@pestino.com', b'1', b'0', 1);
INSERT INTO `mensaje` (`idmensaje`, `asunto`, `centrode`, `centropara`, `contenido`, `de`, `fecha`, `hora`, `nomempresa`, `para`, `vistode`, `vistopara`, `idusuario`) VALUES(14, 'Incidencia', 'Madrid', 'Fuenlabrada', 'Se lo comente a Esteben, que iba a irme un par de das antes porque tengo que estoy realizando un curso, pero maana te entrego los justificantes de asistencia', 'raul@pestino.com', '2023-06-13', '13:20:00', 'Pestinos S.A.', 'marcelo@pestino.com', b'1', b'0', 8);










